province_code,market_date,timeslot,price
GD,2026-04-01,00:00-00:15,382.50
GD,2026-04-01,00:15-00:30,378.30
GD,2026-04-01,00:30-00:45,375.20
GD,2026-04-01,00:45-01:00,371.80
GD,2026-04-01,01:00-01:15,368.40
GD,2026-04-01,01:15-01:30,365.10
GD,2026-04-01,01:30-01:45,362.70
GD,2026-04-01,01:45-02:00,360.50
GD,2026-04-01,02:00-02:15,358.20
GD,2026-04-01,02:15-02:30,356.80
GD,2026-04-01,02:30-02:45,355.40
GD,2026-04-01,02:45-03:00,354.10
GD,2026-04-01,03:00-03:15,353.50
GD,2026-04-01,03:15-03:30,352.80
GD,2026-04-01,03:30-03:45,351.90
GD,2026-04-01,03:45-04:00,351.20
GD,2026-04-01,04:00-04:15,350.80
GD,2026-04-01,04:15-04:30,350.50
GD,2026-04-01,04:30-04:45,350.20
GD,2026-04-01,04:45-05:00,350.00
GD,2026-04-01,05:00-05:15,352.30
GD,2026-04-01,05:15-05:30,354.60
GD,2026-04-01,05:30-05:45,357.20
GD,2026-04-01,05:45-06:00,360.80
GD,2026-04-01,06:00-06:15,365.40
GD,2026-04-01,06:15-06:30,370.20
GD,2026-04-01,06:30-06:45,375.50
GD,2026-04-01,06:45-07:00,380.30
GD,2026-04-01,07:00-07:15,386.10
GD,2026-04-01,07:15-07:30,392.40
GD,2026-04-01,07:30-07:45,398.70
GD,2026-04-01,07:45-08:00,405.20
GD,2026-04-01,08:00-08:15,412.50
GD,2026-04-01,08:15-08:30,418.80
GD,2026-04-01,08:30-08:45,423.20
GD,2026-04-01,08:45-09:00,428.60
GD,2026-04-01,09:00-09:15,433.80
GD,2026-04-01,09:15-09:30,438.20
GD,2026-04-01,09:30-09:45,442.50
GD,2026-04-01,09:45-10:00,446.30
GD,2026-04-01,10:00-10:15,449.20
GD,2026-04-01,10:15-10:30,447.80
GD,2026-04-01,10:30-10:45,445.60
GD,2026-04-01,10:45-11:00,443.20
GD,2026-04-01,11:00-11:15,440.50
GD,2026-04-01,11:15-11:30,437.80
GD,2026-04-01,11:30-11:45,434.90
GD,2026-04-01,11:45-12:00,432.40
GD,2026-04-01,12:00-12:15,430.20
GD,2026-04-01,12:15-12:30,428.50
GD,2026-04-01,12:30-12:45,426.80
GD,2026-04-01,12:45-13:00,425.30
GD,2026-04-01,13:00-13:15,424.10
GD,2026-04-01,13:15-13:30,423.50
GD,2026-04-01,13:30-13:45,422.80
GD,2026-04-01,13:45-14:00,422.20
GD,2026-04-01,14:00-14:15,421.60
GD,2026-04-01,14:15-14:30,420.90
GD,2026-04-01,14:30-14:45,420.30
GD,2026-04-01,14:45-15:00,419.80
GD,2026-04-01,15:00-15:15,419.20
GD,2026-04-01,15:15-15:30,418.70
GD,2026-04-01,15:30-15:45,418.10
GD,2026-04-01,15:45-16:00,417.60
GD,2026-04-01,16:00-16:15,418.40
GD,2026-04-01,16:15-16:30,419.80
GD,2026-04-01,16:30-16:45,421.20
GD,2026-04-01,16:45-17:00,423.50
GD,2026-04-01,17:00-17:15,426.80
GD,2026-04-01,17:15-17:30,430.40
GD,2026-04-01,17:30-17:45,434.20
GD,2026-04-01,17:45-18:00,437.80
GD,2026-04-01,18:00-18:15,441.50
GD,2026-04-01,18:15-18:30,444.80
GD,2026-04-01,18:30-18:45,447.20
GD,2026-04-01,18:45-19:00,448.60
GD,2026-04-01,19:00-19:15,449.30
GD,2026-04-01,19:15-19:30,448.90
GD,2026-04-01,19:30-19:45,447.50
GD,2026-04-01,19:45-20:00,445.80
GD,2026-04-01,20:00-20:15,443.20
GD,2026-04-01,20:15-20:30,440.50
GD,2026-04-01,20:30-20:45,437.80
GD,2026-04-01,20:45-21:00,435.20
GD,2026-04-01,21:00-21:15,432.80
GD,2026-04-01,21:15-21:30,430.40
GD,2026-04-01,21:30-21:45,428.10
GD,2026-04-01,21:45-22:00,425.80
GD,2026-04-01,22:00-22:15,423.50
GD,2026-04-01,22:15-22:30,421.20
GD,2026-04-01,22:30-22:45,418.80
GD,2026-04-01,22:45-23:00,416.50
GD,2026-04-01,23:00-23:15,414.20
GD,2026-04-01,23:15-23:30,412.00
GD,2026-04-01,23:30-23:45,409.80
GD,2026-04-01,23:45-00:00,407.50
GD,2026-04-02,00:00-00:15,380.20
GD,2026-04-02,00:15-00:30,376.50
GD,2026-04-02,00:30-00:45,372.80
GD,2026-04-02,00:45-01:00,369.40
GD,2026-04-02,01:00-01:15,366.20
GD,2026-04-02,01:15-01:30,363.50
GD,2026-04-02,01:30-01:45,361.00
GD,2026-04-02,01:45-02:00,358.80
GD,2026-04-02,02:00-02:15,356.50
GD,2026-04-02,02:15-02:30,354.80
GD,2026-04-02,02:30-02:45,353.20
GD,2026-04-02,02:45-03:00,352.00
GD,2026-04-02,03:00-03:15,351.30
GD,2026-04-02,03:15-03:30,350.70
GD,2026-04-02,03:30-03:45,350.10
GD,2026-04-02,03:45-04:00,349.60
GD,2026-04-02,04:00-04:15,349.20
GD,2026-04-02,04:15-04:30,348.90
GD,2026-04-02,04:30-04:45,348.50
GD,2026-04-02,04:45-05:00,348.20
GD,2026-04-02,05:00-05:15,350.80
GD,2026-04-02,05:15-05:30,353.20
GD,2026-04-02,05:30-05:45,355.90
GD,2026-04-02,05:45-06:00,359.40
GD,2026-04-02,06:00-06:15,364.20
GD,2026-04-02,06:15-06:30,369.50
GD,2026-04-02,06:30-06:45,374.80
GD,2026-04-02,06:45-07:00,380.20
GD,2026-04-02,07:00-07:15,386.50
GD,2026-04-02,07:15-07:30,393.20
GD,2026-04-02,07:30-07:45,399.80
GD,2026-04-02,07:45-08:00,406.40
GD,2026-04-02,08:00-08:15,413.20
GD,2026-04-02,08:15-08:30,419.80
GD,2026-04-02,08:30-08:45,424.60
GD,2026-04-02,08:45-09:00,429.40
GD,2026-04-02,09:00-09:15,435.20
GD,2026-04-02,09:15-09:30,440.10
GD,2026-04-02,09:30-09:45,444.80
GD,2026-04-02,09:45-10:00,448.20
GD,2026-04-02,10:00-10:15,451.40
GD,2026-04-02,10:15-10:30,449.60
GD,2026-04-02,10:30-10:45,447.20
GD,2026-04-02,10:45-11:00,444.80
GD,2026-04-02,11:00-11:15,441.90
GD,2026-04-02,11:15-11:30,438.50
GD,2026-04-02,11:30-11:45,435.20
GD,2026-04-02,11:45-12:00,432.50
GD,2026-04-02,12:00-12:15,430.20
GD,2026-04-02,12:15-12:30,428.10
GD,2026-04-02,12:30-12:45,426.50
GD,2026-04-02,12:45-13:00,425.20
GD,2026-04-02,13:00-13:15,424.10
GD,2026-04-02,13:15-13:30,423.60
GD,2026-04-02,13:30-13:45,423.10
GD,2026-04-02,13:45-14:00,422.60
GD,2026-04-02,14:00-14:15,422.00
GD,2026-04-02,14:15-14:30,421.40
GD,2026-04-02,14:30-14:45,420.80
GD,2026-04-02,14:45-15:00,420.30
GD,2026-04-02,15:00-15:15,419.80
GD,2026-04-02,15:15-15:30,419.30
GD,2026-04-02,15:30-15:45,418.80
GD,2026-04-02,15:45-16:00,418.40
GD,2026-04-02,16:00-16:15,419.20
GD,2026-04-02,16:15-16:30,420.60
GD,2026-04-02,16:30-16:45,422.40
GD,2026-04-02,16:45-17:00,424.80
GD,2026-04-02,17:00-17:15,428.20
GD,2026-04-02,17:15-17:30,431.80
GD,2026-04-02,17:30-17:45,435.60
GD,2026-04-02,17:45-18:00,439.40
GD,2026-04-02,18:00-18:15,443.20
GD,2026-04-02,18:15-18:30,446.50
GD,2026-04-02,18:30-18:45,449.10
GD,2026-04-02,18:45-19:00,450.80
GD,2026-04-02,19:00-19:15,451.60
GD,2026-04-02,19:15-19:30,451.20
GD,2026-04-02,19:30-19:45,449.80
GD,2026-04-02,19:45-20:00,448.10
GD,2026-04-02,20:00-20:15,445.50
GD,2026-04-02,20:15-20:30,442.80
GD,2026-04-02,20:30-20:45,440.10
GD,2026-04-02,20:45-21:00,437.50
GD,2026-04-02,21:00-21:15,435.10
GD,2026-04-02,21:15-21:30,432.80
GD,2026-04-02,21:30-21:45,430.60
GD,2026-04-02,21:45-22:00,428.40
GD,2026-04-02,22:00-22:15,426.20
GD,2026-04-02,22:15-22:30,424.00
GD,2026-04-02,22:30-22:45,421.80
GD,2026-04-02,22:45-23:00,419.50
GD,2026-04-02,23:00-23:15,417.20
GD,2026-04-02,23:15-23:30,415.00
GD,2026-04-02,23:30-23:45,412.80
GD,2026-04-02,23:45-00:00,410.50
GD,2026-04-03,00:00-00:15,378.80
GD,2026-04-03,00:15-00:30,375.20
GD,2026-04-03,00:30-00:45,371.50
GD,2026-04-03,00:45-01:00,368.10
GD,2026-04-03,01:00-01:15,364.80
GD,2026-04-03,01:15-01:30,361.50
GD,2026-04-03,01:30-01:45,358.90
GD,2026-04-03,01:45-02:00,356.40
GD,2026-04-03,02:00-02:15,354.20
GD,2026-04-03,02:15-02:30,352.80
GD,2026-04-03,02:30-02:45,351.50
GD,2026-04-03,02:45-03:00,350.30
GD,2026-04-03,03:00-03:15,349.80
GD,2026-04-03,03:15-03:30,349.20
GD,2026-04-03,03:30-03:45,348.60
GD,2026-04-03,03:45-04:00,348.00
GD,2026-04-03,04:00-04:15,347.60
GD,2026-04-03,04:15-04:30,347.20
GD,2026-04-03,04:30-04:45,346.80
GD,2026-04-03,04:45-05:00,346.50
GD,2026-04-03,05:00-05:15,349.20
GD,2026-04-03,05:15-05:30,352.60
GD,2026-04-03,05:30-05:45,356.50
GD,2026-04-03,05:45-06:00,360.80
GD,2026-04-03,06:00-06:15,366.20
GD,2026-04-03,06:15-06:30,371.80
GD,2026-04-03,06:30-06:45,377.50
GD,2026-04-03,06:45-07:00,383.40
GD,2026-04-03,07:00-07:15,390.20
GD,2026-04-03,07:15-07:30,397.40
GD,2026-04-03,07:30-07:45,404.80
GD,2026-04-03,07:45-08:00,411.60
GD,2026-04-03,08:00-08:15,418.80
GD,2026-04-03,08:15-08:30,425.60
GD,2026-04-03,08:30-08:45,430.80
GD,2026-04-03,08:45-09:00,435.60
GD,2026-04-03,09:00-09:15,441.20
GD,2026-04-03,09:15-09:30,446.10
GD,2026-04-03,09:30-09:45,450.60
GD,2026-04-03,09:45-10:00,454.20
GD,2026-04-03,10:00-10:15,456.80
GD,2026-04-03,10:15-10:30,454.60
GD,2026-04-03,10:30-10:45,451.80
GD,2026-04-03,10:45-11:00,448.90
GD,2026-04-03,11:00-11:15,445.60
GD,2026-04-03,11:15-11:30,441.80
GD,2026-04-03,11:30-11:45,437.90
GD,2026-04-03,11:45-12:00,434.20
GD,2026-04-03,12:00-12:15,431.80
GD,2026-04-03,12:15-12:30,429.80
GD,2026-04-03,12:30-12:45,428.20
GD,2026-04-03,12:45-13:00,427.10
GD,2026-04-03,13:00-13:15,426.20
GD,2026-04-03,13:15-13:30,425.80
GD,2026-04-03,13:30-13:45,425.40
GD,2026-04-03,13:45-14:00,424.90
GD,2026-04-03,14:00-14:15,424.30
GD,2026-04-03,14:15-14:30,423.70
GD,2026-04-03,14:30-14:45,423.10
GD,2026-04-03,14:45-15:00,422.60
GD,2026-04-03,15:00-15:15,422.10
GD,2026-04-03,15:15-15:30,421.60
GD,2026-04-03,15:30-15:45,421.20
GD,2026-04-03,15:45-16:00,420.80
GD,2026-04-03,16:00-16:15,421.60
GD,2026-04-03,16:15-16:30,423.20
GD,2026-04-03,16:30-16:45,425.50
GD,2026-04-03,16:45-17:00,428.40
GD,2026-04-03,17:00-17:15,432.20
GD,2026-04-03,17:15-17:30,436.50
GD,2026-04-03,17:30-17:45,440.80
GD,2026-04-03,17:45-18:00,444.80
GD,2026-04-03,18:00-18:15,448.60
GD,2026-04-03,18:15-18:30,451.50
GD,2026-04-03,18:30-18:45,453.40
GD,2026-04-03,18:45-19:00,454.20
GD,2026-04-03,19:00-19:15,454.60
GD,2026-04-03,19:15-19:30,453.80
GD,2026-04-03,19:30-19:45,452.20
GD,2026-04-03,19:45-20:00,450.40
GD,2026-04-03,20:00-20:15,447.80
GD,2026-04-03,20:15-20:30,444.90
GD,2026-04-03,20:30-20:45,441.80
GD,2026-04-03,20:45-21:00,438.60
GD,2026-04-03,21:00-21:15,435.90
GD,2026-04-03,21:15-21:30,433.20
GD,2026-04-03,21:30-21:45,430.60
GD,2026-04-03,21:45-22:00,428.10
GD,2026-04-03,22:00-22:15,425.80
GD,2026-04-03,22:15-22:30,423.50
GD,2026-04-03,22:30-22:45,421.20
GD,2026-04-03,22:45-23:00,418.90
GD,2026-04-03,23:00-23:15,416.60
GD,2026-04-03,23:15-23:30,414.40
GD,2026-04-03,23:30-23:45,412.20
GD,2026-04-03,23:45-00:00,410.00
GD,2026-04-04,00:00-00:15,377.50
GD,2026-04-04,00:15-00:30,373.80
GD,2026-04-04,00:30-00:45,370.20
GD,2026-04-04,00:45-01:00,366.60
GD,2026-04-04,01:00-01:15,363.20
GD,2026-04-04,01:15-01:30,360.00
GD,2026-04-04,01:30-01:45,357.50
GD,2026-04-04,01:45-02:00,355.20
GD,2026-04-04,02:00-02:15,353.00
GD,2026-04-04,02:15-02:30,351.50
GD,2026-04-04,02:30-02:45,350.20
GD,2026-04-04,02:45-03:00,349.10
GD,2026-04-04,03:00-03:15,348.60
GD,2026-04-04,03:15-03:30,348.00
GD,2026-04-04,03:30-03:45,347.50
GD,2026-04-04,03:45-04:00,346.90
GD,2026-04-04,04:00-04:15,346.50
GD,2026-04-04,04:15-04:30,346.10
GD,2026-04-04,04:30-04:45,345.80
GD,2026-04-04,04:45-05:00,345.40
GD,2026-04-04,05:00-05:15,348.20
GD,2026-04-04,05:15-05:30,351.80
GD,2026-04-04,05:30-05:45,355.80
GD,2026-04-04,05:45-06:00,360.20
GD,2026-04-04,06:00-06:15,365.80
GD,2026-04-04,06:15-06:30,371.40
GD,2026-04-04,06:30-06:45,377.20
GD,2026-04-04,06:45-07:00,383.20
GD,2026-04-04,07:00-07:15,390.10
GD,2026-04-04,07:15-07:30,397.50
GD,2026-04-04,07:30-07:45,405.20
GD,2026-04-04,07:45-08:00,412.20
GD,2026-04-04,08:00-08:15,419.60
GD,2026-04-04,08:15-08:30,426.50
GD,2026-04-04,08:30-08:45,431.80
GD,2026-04-04,08:45-09:00,436.80
GD,2026-04-04,09:00-09:15,442.50
GD,2026-04-04,09:15-09:30,447.80
GD,2026-04-04,09:30-09:45,452.60
GD,2026-04-04,09:45-10:00,456.40
GD,2026-04-04,10:00-10:15,459.20
GD,2026-04-04,10:15-10:30,456.80
GD,2026-04-04,10:30-10:45,453.60
GD,2026-04-04,10:45-11:00,450.20
GD,2026-04-04,11:00-11:15,446.50
GD,2026-04-04,11:15-11:30,442.20
GD,2026-04-04,11:30-11:45,438.00
GD,2026-04-04,11:45-12:00,434.20
GD,2026-04-04,12:00-12:15,432.00
GD,2026-04-04,12:15-12:30,430.20
GD,2026-04-04,12:30-12:45,428.80
GD,2026-04-04,12:45-13:00,427.80
GD,2026-04-04,13:00-13:15,427.00
GD,2026-04-04,13:15-13:30,426.60
GD,2026-04-04,13:30-13:45,426.20
GD,2026-04-04,13:45-14:00,425.70
GD,2026-04-04,14:00-14:15,425.10
GD,2026-04-04,14:15-14:30,424.50
GD,2026-04-04,14:30-14:45,423.90
GD,2026-04-04,14:45-15:00,423.40
GD,2026-04-04,15:00-15:15,422.90
GD,2026-04-04,15:15-15:30,422.40
GD,2026-04-04,15:30-15:45,422.00
GD,2026-04-04,15:45-16:00,421.60
GD,2026-04-04,16:00-16:15,422.40
GD,2026-04-04,16:15-16:30,424.10
GD,2026-04-04,16:30-16:45,426.50
GD,2026-04-04,16:45-17:00,429.60
GD,2026-04-04,17:00-17:15,433.50
GD,2026-04-04,17:15-17:30,437.80
GD,2026-04-04,17:30-17:45,442.20
GD,2026-04-04,17:45-18:00,446.40
GD,2026-04-04,18:00-18:15,450.20
GD,2026-04-04,18:15-18:30,453.00
GD,2026-04-04,18:30-18:45,454.80
GD,2026-04-04,18:45-19:00,455.50
GD,2026-04-04,19:00-19:15,455.80
GD,2026-04-04,19:15-19:30,454.90
GD,2026-04-04,19:30-19:45,453.10
GD,2026-04-04,19:45-20:00,451.20
GD,2026-04-04,20:00-20:15,448.50
GD,2026-04-04,20:15-20:30,445.50
GD,2026-04-04,20:30-20:45,442.30
GD,2026-04-04,20:45-21:00,439.20
GD,2026-04-04,21:00-21:15,436.50
GD,2026-04-04,21:15-21:30,433.90
GD,2026-04-04,21:30-21:45,431.40
GD,2026-04-04,21:45-22:00,429.10
GD,2026-04-04,22:00-22:15,426.90
GD,2026-04-04,22:15-22:30,424.80
GD,2026-04-04,22:30-22:45,422.60
GD,2026-04-04,22:45-23:00,420.40
GD,2026-04-04,23:00-23:15,418.20
GD,2026-04-04,23:15-23:30,416.10
GD,2026-04-04,23:30-23:45,414.00
GD,2026-04-04,23:45-00:00,411.90
GD,2026-04-05,00:00-00:15,376.20
GD,2026-04-05,00:15-00:30,372.50
GD,2026-04-05,00:30-00:45,368.80
GD,2026-04-05,00:45-01:00,365.20
GD,2026-04-05,01:00-01:15,361.60
GD,2026-04-05,01:15-01:30,358.20
GD,2026-04-05,01:30-01:45,355.60
GD,2026-04-05,01:45-02:00,353.20
GD,2026-04-05,02:00-02:15,351.00
GD,2026-04-05,02:15-02:30,349.60
GD,2026-04-05,02:30-02:45,348.40
GD,2026-04-05,02:45-03:00,347.40
GD,2026-04-05,03:00-03:15,347.00
GD,2026-04-05,03:15-03:30,346.50
GD,2026-04-05,03:30-03:45,346.00
GD,2026-04-05,03:45-04:00,345.50
GD,2026-04-05,04:00-04:15,345.20
GD,2026-04-05,04:15-04:30,344.80
GD,2026-04-05,04:30-04:45,344.50
GD,2026-04-05,04:45-05:00,344.20
GD,2026-04-05,05:00-05:15,347.20
GD,2026-04-05,05:15-05:30,350.80
GD,2026-04-05,05:30-05:45,354.80
GD,2026-04-05,05:45-06:00,359.40
GD,2026-04-05,06:00-06:15,365.20
GD,2026-04-05,06:15-06:30,371.20
GD,2026-04-05,06:30-06:45,377.40
GD,2026-04-05,06:45-07:00,383.80
GD,2026-04-05,07:00-07:15,391.20
GD,2026-04-05,07:15-07:30,399.20
GD,2026-04-05,07:30-07:45,407.50
GD,2026-04-05,07:45-08:00,415.20
GD,2026-04-05,08:00-08:15,422.80
GD,2026-04-05,08:15-08:30,429.80
GD,2026-04-05,08:30-08:45,435.20
GD,2026-04-05,08:45-09:00,440.40
GD,2026-04-05,09:00-09:15,446.50
GD,2026-04-05,09:15-09:30,452.10
GD,2026-04-05,09:30-09:45,457.20
GD,2026-04-05,09:45-10:00,460.80
GD,2026-04-05,10:00-10:15,463.20
GD,2026-04-05,10:15-10:30,460.40
GD,2026-04-05,10:30-10:45,456.80
GD,2026-04-05,10:45-11:00,452.80
GD,2026-04-05,11:00-11:15,448.20
GD,2026-04-05,11:15-11:30,443.20
GD,2026-04-05,11:30-11:45,438.20
GD,2026-04-05,11:45-12:00,434.20
GD,2026-04-05,12:00-12:15,432.20
GD,2026-04-05,12:15-12:30,430.60
GD,2026-04-05,12:30-12:45,429.40
GD,2026-04-05,12:45-13:00,428.60
GD,2026-04-05,13:00-13:15,428.00
GD,2026-04-05,13:15-13:30,427.80
GD,2026-04-05,13:30-13:45,427.50
GD,2026-04-05,13:45-14:00,427.10
GD,2026-04-05,14:00-14:15,426.50
GD,2026-04-05,14:15-14:30,425.90
GD,2026-04-05,14:30-14:45,425.30
GD,2026-04-05,14:45-15:00,424.80
GD,2026-04-05,15:00-15:15,424.30
GD,2026-04-05,15:15-15:30,423.80
GD,2026-04-05,15:30-15:45,423.40
GD,2026-04-05,15:45-16:00,423.00
GD,2026-04-05,16:00-16:15,423.80
GD,2026-04-05,16:15-16:30,425.50
GD,2026-04-05,16:30-16:45,428.00
GD,2026-04-05,16:45-17:00,431.40
GD,2026-04-05,17:00-17:15,435.60
GD,2026-04-05,17:15-17:30,440.40
GD,2026-04-05,17:30-17:45,445.20
GD,2026-04-05,17:45-18:00,449.40
GD,2026-04-05,18:00-18:15,453.20
GD,2026-04-05,18:15-18:30,455.80
GD,2026-04-05,18:30-18:45,457.20
GD,2026-04-05,18:45-19:00,457.80
GD,2026-04-05,19:00-19:15,457.90
GD,2026-04-05,19:15-19:30,456.80
GD,2026-04-05,19:30-19:45,454.80
GD,2026-04-05,19:45-20:00,452.50
GD,2026-04-05,20:00-20:15,449.50
GD,2026-04-05,20:15-20:30,446.20
GD,2026-04-05,20:30-20:45,442.80
GD,2026-04-05,20:45-21:00,439.50
GD,2026-04-05,21:00-21:15,436.80
GD,2026-04-05,21:15-21:30,434.20
GD,2026-04-05,21:30-21:45,431.80
GD,2026-04-05,21:45-22:00,429.50
GD,2026-04-05,22:00-22:15,427.40
GD,2026-04-05,22:15-22:30,425.40
GD,2026-04-05,22:30-22:45,423.40
GD,2026-04-05,22:45-23:00,421.40
GD,2026-04-05,23:00-23:15,419.50
GD,2026-04-05,23:15-23:30,417.50
GD,2026-04-05,23:30-23:45,415.60
GD,2026-04-05,23:45-00:00,413.70
GD,2026-04-06,00:00-00:15,379.50
GD,2026-04-06,00:15-00:30,376.20
GD,2026-04-06,00:30-00:45,372.80
GD,2026-04-06,00:45-01:00,369.40
GD,2026-04-06,01:00-01:15,366.20
GD,2026-04-06,01:15-01:30,363.00
GD,2026-04-06,01:30-01:45,360.40
GD,2026-04-06,01:45-02:00,358.00
GD,2026-04-06,02:00-02:15,355.80
GD,2026-04-06,02:15-02:30,354.40
GD,2026-04-06,02:30-02:45,353.20
GD,2026-04-06,02:45-03:00,352.20
GD,2026-04-06,03:00-03:15,351.80
GD,2026-04-06,03:15-03:30,351.20
GD,2026-04-06,03:30-03:45,350.70
GD,2026-04-06,03:45-04:00,350.20
GD,2026-04-06,04:00-04:15,349.80
GD,2026-04-06,04:15-04:30,349.40
GD,2026-04-06,04:30-04:45,349.10
GD,2026-04-06,04:45-05:00,348.80
GD,2026-04-06,05:00-05:15,351.80
GD,2026-04-06,05:15-05:30,355.40
GD,2026-04-06,05:30-05:45,359.40
GD,2026-04-06,05:45-06:00,364.00
GD,2026-04-06,06:00-06:15,369.80
GD,2026-04-06,06:15-06:30,375.80
GD,2026-04-06,06:30-06:45,382.00
GD,2026-04-06,06:45-07:00,388.60
GD,2026-04-06,07:00-07:15,396.20
GD,2026-04-06,07:15-07:30,404.40
GD,2026-04-06,07:30-07:45,412.80
GD,2026-04-06,07:45-08:00,420.60
GD,2026-04-06,08:00-08:15,428.40
GD,2026-04-06,08:15-08:30,435.50
GD,2026-04-06,08:30-08:45,440.80
GD,2026-04-06,08:45-09:00,445.60
GD,2026-04-06,09:00-09:15,451.20
GD,2026-04-06,09:15-09:30,456.20
GD,2026-04-06,09:30-09:45,460.80
GD,2026-04-06,09:45-10:00,464.20
GD,2026-04-06,10:00-10:15,466.40
GD,2026-04-06,10:15-10:30,463.60
GD,2026-04-06,10:30-10:45,459.80
GD,2026-04-06,10:45-11:00,455.80
GD,2026-04-06,11:00-11:15,451.20
GD,2026-04-06,11:15-11:30,446.20
GD,2026-04-06,11:30-11:45,441.20
GD,2026-04-06,11:45-12:00,437.20
GD,2026-04-06,12:00-12:15,435.40
GD,2026-04-06,12:15-12:30,434.00
GD,2026-04-06,12:30-12:45,433.00
GD,2026-04-06,12:45-13:00,432.40
GD,2026-04-06,13:00-13:15,432.00
GD,2026-04-06,13:15-13:30,431.80
GD,2026-04-06,13:30-13:45,431.50
GD,2026-04-06,13:45-14:00,431.10
GD,2026-04-06,14:00-14:15,430.50
GD,2026-04-06,14:15-14:30,429.90
GD,2026-04-06,14:30-14:45,429.30
GD,2026-04-06,14:45-15:00,428.80
GD,2026-04-06,15:00-15:15,428.30
GD,2026-04-06,15:15-15:30,427.80
GD,2026-04-06,15:30-15:45,427.40
GD,2026-04-06,15:45-16:00,427.00
GD,2026-04-06,16:00-16:15,427.80
GD,2026-04-06,16:15-16:30,429.50
GD,2026-04-06,16:30-16:45,432.00
GD,2026-04-06,16:45-17:00,435.40
GD,2026-04-06,17:00-17:15,439.60
GD,2026-04-06,17:15-17:30,444.40
GD,2026-04-06,17:30-17:45,449.20
GD,2026-04-06,17:45-18:00,453.40
GD,2026-04-06,18:00-18:15,457.20
GD,2026-04-06,18:15-18:30,459.80
GD,2026-04-06,18:30-18:45,461.20
GD,2026-04-06,18:45-19:00,461.80
GD,2026-04-06,19:00-19:15,461.90
GD,2026-04-06,19:15-19:30,460.80
GD,2026-04-06,19:30-19:45,458.80
GD,2026-04-06,19:45-20:00,456.50
GD,2026-04-06,20:00-20:15,453.50
GD,2026-04-06,20:15-20:30,450.20
GD,2026-04-06,20:30-20:45,446.80
GD,2026-04-06,20:45-21:00,443.50
GD,2026-04-06,21:00-21:15,440.80
GD,2026-04-06,21:15-21:30,438.20
GD,2026-04-06,21:30-21:45,435.80
GD,2026-04-06,21:45-22:00,433.50
GD,2026-04-06,22:00-22:15,431.40
GD,2026-04-06,22:15-22:30,429.40
GD,2026-04-06,22:30-22:45,427.40
GD,2026-04-06,22:45-23:00,425.40
GD,2026-04-06,23:00-23:15,423.50
GD,2026-04-06,23:15-23:30,421.50
GD,2026-04-06,23:30-23:45,419.60
GD,2026-04-06,23:45-00:00,417.70
GD,2026-04-07,00:00-00:15,381.50
GD,2026-04-07,00:15-00:30,378.20
GD,2026-04-07,00:30-00:45,374.80
GD,2026-04-07,00:45-01:00,371.40
GD,2026-04-07,01:00-01:15,368.20
GD,2026-04-07,01:15-01:30,365.00
GD,2026-04-07,01:30-01:45,362.40
GD,2026-04-07,01:45-02:00,360.00
GD,2026-04-07,02:00-02:15,357.80
GD,2026-04-07,02:15-02:30,356.40
GD,2026-04-07,02:30-02:45,355.20
GD,2026-04-07,02:45-03:00,354.20
GD,2026-04-07,03:00-03:15,353.80
GD,2026-04-07,03:15-03:30,353.20
GD,2026-04-07,03:30-03:45,352.70
GD,2026-04-07,03:45-04:00,352.20
GD,2026-04-07,04:00-04:15,351.80
GD,2026-04-07,04:15-04:30,351.40
GD,2026-04-07,04:30-04:45,351.10
GD,2026-04-07,04:45-05:00,350.80
GD,2026-04-07,05:00-05:15,353.80
GD,2026-04-07,05:15-05:30,357.40
GD,2026-04-07,05:30-05:45,361.40
GD,2026-04-07,05:45-06:00,366.00
GD,2026-04-07,06:00-06:15,371.80
GD,2026-04-07,06:15-06:30,377.80
GD,2026-04-07,06:30-06:45,384.00
GD,2026-04-07,06:45-07:00,390.60
GD,2026-04-07,07:00-07:15,398.20
GD,2026-04-07,07:15-07:30,406.40
GD,2026-04-07,07:30-07:45,414.80
GD,2026-04-07,07:45-08:00,422.60
GD,2026-04-07,08:00-08:15,430.40
GD,2026-04-07,08:15-08:30,437.50
GD,2026-04-07,08:30-08:45,442.80
GD,2026-04-07,08:45-09:00,447.60
GD,2026-04-07,09:00-09:15,453.20
GD,2026-04-07,09:15-09:30,458.20
GD,2026-04-07,09:30-09:45,462.80
GD,2026-04-07,09:45-10:00,466.20
GD,2026-04-07,10:00-10:15,468.40
GD,2026-04-07,10:15-10:30,465.60
GD,2026-04-07,10:30-10:45,461.80
GD,2026-04-07,10:45-11:00,457.80
GD,2026-04-07,11:00-11:15,453.20
GD,2026-04-07,11:15-11:30,448.20
GD,2026-04-07,11:30-11:45,443.20
GD,2026-04-07,11:45-12:00,439.20
GD,2026-04-07,12:00-12:15,437.40
GD,2026-04-07,12:15-12:30,436.00
GD,2026-04-07,12:30-12:45,435.00
GD,2026-04-07,12:45-13:00,434.40
GD,2026-04-07,13:00-13:15,434.00
GD,2026-04-07,13:15-13:30,433.80
GD,2026-04-07,13:30-13:45,433.50
GD,2026-04-07,13:45-14:00,433.10
GD,2026-04-07,14:00-14:15,432.50
GD,2026-04-07,14:15-14:30,431.90
GD,2026-04-07,14:30-14:45,431.30
GD,2026-04-07,14:45-15:00,430.80
GD,2026-04-07,15:00-15:15,430.30
GD,2026-04-07,15:15-15:30,429.80
GD,2026-04-07,15:30-15:45,429.40
GD,2026-04-07,15:45-16:00,429.00
GD,2026-04-07,16:00-16:15,429.80
GD,2026-04-07,16:15-16:30,431.50
GD,2026-04-07,16:30-16:45,434.00
GD,2026-04-07,16:45-17:00,437.40
GD,2026-04-07,17:00-17:15,441.60
GD,2026-04-07,17:15-17:30,446.40
GD,2026-04-07,17:30-17:45,451.20
GD,2026-04-07,17:45-18:00,455.40
GD,2026-04-07,18:00-18:15,459.20
GD,2026-04-07,18:15-18:30,461.80
GD,2026-04-07,18:30-18:45,463.20
GD,2026-04-07,18:45-19:00,463.80
GD,2026-04-07,19:00-19:15,463.90
GD,2026-04-07,19:15-19:30,462.80
GD,2026-04-07,19:30-19:45,460.80
GD,2026-04-07,19:45-20:00,458.50
GD,2026-04-07,20:00-20:15,455.50
GD,2026-04-07,20:15-20:30,452.20
GD,2026-04-07,20:30-20:45,448.80
GD,2026-04-07,20:45-21:00,445.50
GD,2026-04-07,21:00-21:15,442.80
GD,2026-04-07,21:15-21:30,440.20
GD,2026-04-07,21:30-21:45,437.80
GD,2026-04-07,21:45-22:00,435.50
GD,2026-04-07,22:00-22:15,433.40
GD,2026-04-07,22:15-22:30,431.40
GD,2026-04-07,22:30-22:45,429.40
GD,2026-04-07,22:45-23:00,427.40
GD,2026-04-07,23:00-23:15,425.50
GD,2026-04-07,23:15-23:30,423.50
GD,2026-04-07,23:30-23:45,421.60
GD,2026-04-07,23:45-00:00,419.70
GD,2026-04-08,00:00-00:15,383.50
GD,2026-04-08,00:15-00:30,380.20
GD,2026-04-08,00:30-00:45,376.80
GD,2026-04-08,00:45-01:00,373.40
GD,2026-04-08,01:00-01:15,370.20
GD,2026-04-08,01:15-01:30,367.00
GD,2026-04-08,01:30-01:45,364.40
GD,2026-04-08,01:45-02:00,362.00
GD,2026-04-08,02:00-02:15,359.80
GD,2026-04-08,02:15-02:30,358.40
GD,2026-04-08,02:30-02:45,357.20
GD,2026-04-08,02:45-03:00,356.20
GD,2026-04-08,03:00-03:15,355.80
GD,2026-04-08,03:15-03:30,355.20
GD,2026-04-08,03:30-03:45,354.70
GD,2026-04-08,03:45-04:00,354.20
GD,2026-04-08,04:00-04:15,353.80
GD,2026-04-08,04:15-04:30,353.40
GD,2026-04-08,04:30-04:45,353.10
GD,2026-04-08,04:45-05:00,352.80
GD,2026-04-08,05:00-05:15,355.80
GD,2026-04-08,05:15-05:30,359.40
GD,2026-04-08,05:30-05:45,363.40
GD,2026-04-08,05:45-06:00,368.00
GD,2026-04-08,06:00-06:15,373.80
GD,2026-04-08,06:15-06:30,379.80
GD,2026-04-08,06:30-06:45,386.00
GD,2026-04-08,06:45-07:00,392.60
GD,2026-04-08,07:00-07:15,400.20
GD,2026-04-08,07:15-07:30,408.40
GD,2026-04-08,07:30-07:45,416.80
GD,2026-04-08,07:45-08:00,424.60
GD,2026-04-08,08:00-08:15,432.40
GD,2026-04-08,08:15-08:30,439.50
GD,2026-04-08,08:30-08:45,444.80
GD,2026-04-08,08:45-09:00,449.60
GD,2026-04-08,09:00-09:15,455.20
GD,2026-04-08,09:15-09:30,460.20
GD,2026-04-08,09:30-09:45,464.80
GD,2026-04-08,09:45-10:00,468.20
GD,2026-04-08,10:00-10:15,470.40
GD,2026-04-08,10:15-10:30,467.60
GD,2026-04-08,10:30-10:45,463.80
GD,2026-04-08,10:45-11:00,459.80
GD,2026-04-08,11:00-11:15,455.20
GD,2026-04-08,11:15-11:30,450.20
GD,2026-04-08,11:30-11:45,445.20
GD,2026-04-08,11:45-12:00,441.20
GD,2026-04-08,12:00-12:15,439.40
GD,2026-04-08,12:15-12:30,438.00
GD,2026-04-08,12:30-12:45,437.00
GD,2026-04-08,12:45-13:00,436.40
GD,2026-04-08,13:00-13:15,436.00
GD,2026-04-08,13:15-13:30,435.80
GD,2026-04-08,13:30-13:45,435.50
GD,2026-04-08,13:45-14:00,435.10
GD,2026-04-08,14:00-14:15,434.50
GD,2026-04-08,14:15-14:30,433.90
GD,2026-04-08,14:30-14:45,433.30
GD,2026-04-08,14:45-15:00,432.80
GD,2026-04-08,15:00-15:15,432.30
GD,2026-04-08,15:15-15:30,431.80
GD,2026-04-08,15:30-15:45,431.40
GD,2026-04-08,15:45-16:00,431.00
GD,2026-04-08,16:00-16:15,431.80
GD,2026-04-08,16:15-16:30,433.50
GD,2026-04-08,16:30-16:45,436.00
GD,2026-04-08,16:45-17:00,439.40
GD,2026-04-08,17:00-17:15,443.60
GD,2026-04-08,17:15-17:30,448.40
GD,2026-04-08,17:30-17:45,453.20
GD,2026-04-08,17:45-18:00,457.40
GD,2026-04-08,18:00-18:15,461.20
GD,2026-04-08,18:15-18:30,463.80
GD,2026-04-08,18:30-18:45,465.20
GD,2026-04-08,18:45-19:00,465.80
GD,2026-04-08,19:00-19:15,465.90
GD,2026-04-08,19:15-19:30,464.80
GD,2026-04-08,19:30-19:45,462.80
GD,2026-04-08,19:45-20:00,460.50
GD,2026-04-08,20:00-20:15,457.50
GD,2026-04-08,20:15-20:30,454.20
GD,2026-04-08,20:30-20:45,450.80
GD,2026-04-08,20:45-21:00,447.50
GD,2026-04-08,21:00-21:15,444.80
GD,2026-04-08,21:15-21:30,442.20
GD,2026-04-08,21:30-21:45,439.80
GD,2026-04-08,21:45-22:00,437.50
GD,2026-04-08,22:00-22:15,435.40
GD,2026-04-08,22:15-22:30,433.40
GD,2026-04-08,22:30-22:45,431.40
GD,2026-04-08,22:45-23:00,429.40
GD,2026-04-08,23:00-23:15,427.50
GD,2026-04-08,23:15-23:30,425.50
GD,2026-04-08,23:30-23:45,423.60
GD,2026-04-08,23:45-00:00,421.70
ZJ,2026-04-01,00:00-00:15,405.20
ZJ,2026-04-01,00:15-00:30,401.50
ZJ,2026-04-01,00:30-00:45,398.30
ZJ,2026-04-01,00:45-01:00,395.20
ZJ,2026-04-01,01:00-01:15,392.40
ZJ,2026-04-01,01:15-01:30,389.80
ZJ,2026-04-01,01:30-01:45,387.50
ZJ,2026-04-01,01:45-02:00,385.60
ZJ,2026-04-01,02:00-02:15,383.80
ZJ,2026-04-01,02:15-02:30,382.50
ZJ,2026-04-01,02:30-02:45,381.40
ZJ,2026-04-01,02:45-03:00,380.50
ZJ,2026-04-01,03:00-03:15,380.10
ZJ,2026-04-01,03:15-03:30,379.60
ZJ,2026-04-01,03:30-03:45,379.00
ZJ,2026-04-01,03:45-04:00,378.50
ZJ,2026-04-01,04:00-04:15,378.20
ZJ,2026-04-01,04:15-04:30,377.90
ZJ,2026-04-01,04:30-04:45,377.60
ZJ,2026-04-01,04:45-05:00,377.30
ZJ,2026-04-01,05:00-05:15,380.50
ZJ,2026-04-01,05:15-05:30,384.20
ZJ,2026-04-01,05:30-05:45,388.60
ZJ,2026-04-01,05:45-06:00,393.80
ZJ,2026-04-01,06:00-06:15,400.20
ZJ,2026-04-01,06:15-06:30,407.20
ZJ,2026-04-01,06:30-06:45,414.60
ZJ,2026-04-01,06:45-07:00,421.80
ZJ,2026-04-01,07:00-07:15,430.20
ZJ,2026-04-01,07:15-07:30,439.40
ZJ,2026-04-01,07:30-07:45,448.80
ZJ,2026-04-01,07:45-08:00,457.60
ZJ,2026-04-01,08:00-08:15,466.40
ZJ,2026-04-01,08:15-08:30,474.50
ZJ,2026-04-01,08:30-08:45,480.80
ZJ,2026-04-01,08:45-09:00,486.60
ZJ,2026-04-01,09:00-09:15,493.20
ZJ,2026-04-01,09:15-09:30,499.10
ZJ,2026-04-01,09:30-09:45,504.60
ZJ,2026-04-01,09:45-10:00,509.20
ZJ,2026-04-01,10:00-10:15,512.40
ZJ,2026-04-01,10:15-10:30,509.60
ZJ,2026-04-01,10:30-10:45,505.80
ZJ,2026-04-01,10:45-11:00,501.80
ZJ,2026-04-01,11:00-11:15,497.20
ZJ,2026-04-01,11:15-11:30,492.20
ZJ,2026-04-01,11:30-11:45,487.20
ZJ,2026-04-01,11:45-12:00,483.20
ZJ,2026-04-01,12:00-12:15,481.40
ZJ,2026-04-01,12:15-12:30,480.00
ZJ,2026-04-01,12:30-12:45,479.00
ZJ,2026-04-01,12:45-13:00,478.40
ZJ,2026-04-01,13:00-13:15,478.00
ZJ,2026-04-01,13:15-13:30,477.80
ZJ,2026-04-01,13:30-13:45,477.50
ZJ,2026-04-01,13:45-14:00,477.10
ZJ,2026-04-01,14:00-14:15,476.50
ZJ,2026-04-01,14:15-14:30,475.90
ZJ,2026-04-01,14:30-14:45,475.30
ZJ,2026-04-01,14:45-15:00,474.80
ZJ,2026-04-01,15:00-15:15,474.30
ZJ,2026-04-01,15:15-15:30,473.80
ZJ,2026-04-01,15:30-15:45,473.40
ZJ,2026-04-01,15:45-16:00,473.00
ZJ,2026-04-01,16:00-16:15,473.80
ZJ,2026-04-01,16:15-16:30,475.50
ZJ,2026-04-01,16:30-16:45,478.00
ZJ,2026-04-01,16:45-17:00,481.40
ZJ,2026-04-01,17:00-17:15,485.60
ZJ,2026-04-01,17:15-17:30,490.40
ZJ,2026-04-01,17:30-17:45,495.20
ZJ,2026-04-01,17:45-18:00,499.40
ZJ,2026-04-01,18:00-18:15,503.20
ZJ,2026-04-01,18:15-18:30,505.80
ZJ,2026-04-01,18:30-18:45,507.20
ZJ,2026-04-01,18:45-19:00,507.80
ZJ,2026-04-01,19:00-19:15,507.90
ZJ,2026-04-01,19:15-19:30,506.80
ZJ,2026-04-01,19:30-19:45,504.80
ZJ,2026-04-01,19:45-20:00,502.50
ZJ,2026-04-01,20:00-20:15,499.50
ZJ,2026-04-01,20:15-20:30,496.20
ZJ,2026-04-01,20:30-20:45,492.80
ZJ,2026-04-01,20:45-21:00,489.50
ZJ,2026-04-01,21:00-21:15,486.80
ZJ,2026-04-01,21:15-21:30,484.20
ZJ,2026-04-01,21:30-21:45,481.80
ZJ,2026-04-01,21:45-22:00,479.50
ZJ,2026-04-01,22:00-22:15,477.40
ZJ,2026-04-01,22:15-22:30,475.40
ZJ,2026-04-01,22:30-22:45,473.40
ZJ,2026-04-01,22:45-23:00,471.40
ZJ,2026-04-01,23:00-23:15,469.50
ZJ,2026-04-01,23:15-23:30,467.50
ZJ,2026-04-01,23:30-23:45,465.60
ZJ,2026-04-01,23:45-00:00,463.70
ZJ,2026-04-02,00:00-00:15,407.50
ZJ,2026-04-02,00:15-00:30,404.20
ZJ,2026-04-02,00:30-00:45,401.30
ZJ,2026-04-02,00:45-01:00,398.50
ZJ,2026-04-02,01:00-01:15,395.80
ZJ,2026-04-02,01:15-01:30,393.50
ZJ,2026-04-02,01:30-01:45,391.60
ZJ,2026-04-02,01:45-02:00,390.00
ZJ,2026-04-02,02:00-02:15,388.60
ZJ,2026-04-02,02:15-02:30,387.60
ZJ,2026-04-02,02:30-02:45,386.80
ZJ,2026-04-02,02:45-03:00,386.10
ZJ,2026-04-02,03:00-03:15,385.80
ZJ,2026-04-02,03:15-03:30,385.30
ZJ,2026-04-02,03:30-03:45,384.80
ZJ,2026-04-02,03:45-04:00,384.30
ZJ,2026-04-02,04:00-04:15,384.00
ZJ,2026-04-02,04:15-04:30,383.70
ZJ,2026-04-02,04:30-04:45,383.40
ZJ,2026-04-02,04:45-05:00,383.10
ZJ,2026-04-02,05:00-05:15,386.50
ZJ,2026-04-02,05:15-05:30,390.50
ZJ,2026-04-02,05:30-05:45,395.20
ZJ,2026-04-02,05:45-06:00,400.80
ZJ,2026-04-02,06:00-06:15,407.80
ZJ,2026-04-02,06:15-06:30,415.50
ZJ,2026-04-02,06:30-06:45,423.60
ZJ,2026-04-02,06:45-07:00,431.80
ZJ,2026-04-02,07:00-07:15,441.20
ZJ,2026-04-02,07:15-07:30,451.50
ZJ,2026-04-02,07:30-07:45,462.00
ZJ,2026-04-02,07:45-08:00,471.80
ZJ,2026-04-02,08:00-08:15,481.60
ZJ,2026-04-02,08:15-08:30,490.50
ZJ,2026-04-02,08:30-08:45,497.20
ZJ,2026-04-02,08:45-09:00,503.60
ZJ,2026-04-02,09:00-09:15,511.20
ZJ,2026-04-02,09:15-09:30,517.80
ZJ,2026-04-02,09:30-09:45,523.80
ZJ,2026-04-02,09:45-10:00,528.80
ZJ,2026-04-02,10:00-10:15,532.40
ZJ,2026-04-02,10:15-10:30,529.20
ZJ,2026-04-02,10:30-10:45,524.80
ZJ,2026-04-02,10:45-11:00,520.20
ZJ,2026-04-02,11:00-11:15,515.20
ZJ,2026-04-02,11:15-11:30,509.50
ZJ,2026-04-02,11:30-11:45,503.80
ZJ,2026-04-02,11:45-12:00,499.40
ZJ,2026-04-02,12:00-12:15,497.80
ZJ,2026-04-02,12:15-12:30,496.50
ZJ,2026-04-02,12:30-12:45,495.60
ZJ,2026-04-02,12:45-13:00,495.10
ZJ,2026-04-02,13:00-13:15,494.80
ZJ,2026-04-02,13:15-13:30,494.60
ZJ,2026-04-02,13:30-13:45,494.30
ZJ,2026-04-02,13:45-14:00,493.90
ZJ,2026-04-02,14:00-14:15,493.30
ZJ,2026-04-02,14:15-14:30,492.70
ZJ,2026-04-02,14:30-14:45,492.10
ZJ,2026-04-02,14:45-15:00,491.60
ZJ,2026-04-02,15:00-15:15,491.10
ZJ,2026-04-02,15:15-15:30,490.60
ZJ,2026-04-02,15:30-15:45,490.20
ZJ,2026-04-02,15:45-16:00,489.80
ZJ,2026-04-02,16:00-16:15,490.60
ZJ,2026-04-02,16:15-16:30,492.30
ZJ,2026-04-02,16:30-16:45,494.80
ZJ,2026-04-02,16:45-17:00,498.20
ZJ,2026-04-02,17:00-17:15,502.40
ZJ,2026-04-02,17:15-17:30,507.20
ZJ,2026-04-02,17:30-17:45,512.00
ZJ,2026-04-02,17:45-18:00,516.20
ZJ,2026-04-02,18:00-18:15,520.00
ZJ,2026-04-02,18:15-18:30,522.60
ZJ,2026-04-02,18:30-18:45,524.00
ZJ,2026-04-02,18:45-19:00,524.60
ZJ,2026-04-02,19:00-19:15,524.70
ZJ,2026-04-02,19:15-19:30,523.60
ZJ,2026-04-02,19:30-19:45,521.60
ZJ,2026-04-02,19:45-20:00,519.30
ZJ,2026-04-02,20:00-20:15,516.30
ZJ,2026-04-02,20:15-20:30,513.00
ZJ,2026-04-02,20:30-20:45,509.60
ZJ,2026-04-02,20:45-21:00,506.30
ZJ,2026-04-02,21:00-21:15,503.60
ZJ,2026-04-02,21:15-21:30,501.00
ZJ,2026-04-02,21:30-21:45,498.60
ZJ,2026-04-02,21:45-22:00,496.30
ZJ,2026-04-02,22:00-22:15,494.20
ZJ,2026-04-02,22:15-22:30,492.20
ZJ,2026-04-02,22:30-22:45,490.20
ZJ,2026-04-02,22:45-23:00,488.20
ZJ,2026-04-02,23:00-23:15,486.30
ZJ,2026-04-02,23:15-23:30,484.30
ZJ,2026-04-02,23:30-23:45,482.40
ZJ,2026-04-02,23:45-00:00,480.50
ZJ,2026-04-03,00:00-00:15,409.80
ZJ,2026-04-03,00:15-00:30,406.80
ZJ,2026-04-03,00:30-00:45,404.20
ZJ,2026-04-03,00:45-01:00,401.80
ZJ,2026-04-03,01:00-01:15,399.50
ZJ,2026-04-03,01:15-01:30,397.50
ZJ,2026-04-03,01:30-01:45,395.80
ZJ,2026-04-03,01:45-02:00,394.40
ZJ,2026-04-03,02:00-02:15,393.20
ZJ,2026-04-03,02:15-02:30,392.40
ZJ,2026-04-03,02:30-02:45,391.80
ZJ,2026-04-03,02:45-03:00,391.30
ZJ,2026-04-03,03:00-03:15,391.10
ZJ,2026-04-03,03:15-03:30,390.70
ZJ,2026-04-03,03:30-03:45,390.30
ZJ,2026-04-03,03:45-04:00,389.80
ZJ,2026-04-03,04:00-04:15,389.50
ZJ,2026-04-03,04:15-04:30,389.20
ZJ,2026-04-03,04:30-04:45,388.90
ZJ,2026-04-03,04:45-05:00,388.60
ZJ,2026-04-03,05:00-05:15,392.20
ZJ,2026-04-03,05:15-05:30,396.50
ZJ,2026-04-03,05:30-05:45,401.60
ZJ,2026-04-03,05:45-06:00,407.80
ZJ,2026-04-03,06:00-06:15,415.50
ZJ,2026-04-03,06:15-06:30,424.20
ZJ,2026-04-03,06:30-06:45,433.40
ZJ,2026-04-03,06:45-07:00,442.80
ZJ,2026-04-03,07:00-07:15,453.50
ZJ,2026-04-03,07:15-07:30,465.20
ZJ,2026-04-03,07:30-07:45,477.20
ZJ,2026-04-03,07:45-08:00,488.20
ZJ,2026-04-03,08:00-08:15,499.20
ZJ,2026-04-03,08:15-08:30,509.50
ZJ,2026-04-03,08:30-08:45,517.20
ZJ,2026-04-03,08:45-09:00,524.60
ZJ,2026-04-03,09:00-09:15,533.20
ZJ,2026-04-03,09:15-09:30,541.20
ZJ,2026-04-03,09:30-09:45,548.60
ZJ,2026-04-03,09:45-10:00,554.80
ZJ,2026-04-03,10:00-10:15,559.40
ZJ,2026-04-03,10:15-10:30,555.60
ZJ,2026-04-03,10:30-10:45,550.20
ZJ,2026-04-03,10:45-11:00,544.60
ZJ,2026-04-03,11:00-11:15,538.20
ZJ,2026-04-03,11:15-11:30,531.20
ZJ,2026-04-03,11:30-11:45,524.20
ZJ,2026-04-03,11:45-12:00,518.80
ZJ,2026-04-03,12:00-12:15,516.80
ZJ,2026-04-03,12:15-12:30,515.20
ZJ,2026-04-03,12:30-12:45,514.00
ZJ,2026-04-03,12:45-13:00,513.20
ZJ,2026-04-03,13:00-13:15,512.60
ZJ,2026-04-03,13:15-13:30,512.20
ZJ,2026-04-03,13:30-13:45,511.70
ZJ,2026-04-03,13:45-14:00,511.10
ZJ,2026-04-03,14:00-14:15,510.40
ZJ,2026-04-03,14:15-14:30,509.70
ZJ,2026-04-03,14:30-14:45,509.00
ZJ,2026-04-03,14:45-15:00,508.40
ZJ,2026-04-03,15:00-15:15,507.90
ZJ,2026-04-03,15:15-15:30,507.40
ZJ,2026-04-03,15:30-15:45,507.00
ZJ,2026-04-03,15:45-16:00,506.60
ZJ,2026-04-03,16:00-16:15,507.40
ZJ,2026-04-03,16:15-16:30,509.10
ZJ,2026-04-03,16:30-16:45,511.60
ZJ,2026-04-03,16:45-17:00,515.00
ZJ,2026-04-03,17:00-17:15,519.20
ZJ,2026-04-03,17:15-17:30,524.00
ZJ,2026-04-03,17:30-17:45,528.80
ZJ,2026-04-03,17:45-18:00,533.00
ZJ,2026-04-03,18:00-18:15,536.80
ZJ,2026-04-03,18:15-18:30,539.40
ZJ,2026-04-03,18:30-18:45,540.80
ZJ,2026-04-03,18:45-19:00,541.40
ZJ,2026-04-03,19:00-19:15,541.50
ZJ,2026-04-03,19:15-19:30,540.40
ZJ,2026-04-03,19:30-19:45,538.40
ZJ,2026-04-03,19:45-20:00,536.10
ZJ,2026-04-03,20:00-20:15,533.10
ZJ,2026-04-03,20:15-20:30,529.80
ZJ,2026-04-03,20:30-20:45,526.40
ZJ,2026-04-03,20:45-21:00,523.10
ZJ,2026-04-03,21:00-21:15,520.40
ZJ,2026-04-03,21:15-21:30,517.80
ZJ,2026-04-03,21:30-21:45,515.40
ZJ,2026-04-03,21:45-22:00,513.10
ZJ,2026-04-03,22:00-22:15,511.00
ZJ,2026-04-03,22:15-22:30,509.00
ZJ,2026-04-03,22:30-22:45,507.00
ZJ,2026-04-03,22:45-23:00,505.00
ZJ,2026-04-03,23:00-23:15,503.10
ZJ,2026-04-03,23:15-23:30,501.10
ZJ,2026-04-03,23:30-23:45,499.20
ZJ,2026-04-03,23:45-00:00,497.30
ZJ,2026-04-04,00:00-00:15,411.50
ZJ,2026-04-04,00:15-00:30,408.80
ZJ,2026-04-04,00:30-00:45,406.50
ZJ,2026-04-04,00:45-01:00,404.40
ZJ,2026-04-04,01:00-01:15,402.50
ZJ,2026-04-04,01:15-01:30,400.80
ZJ,2026-04-04,01:30-01:45,399.50
ZJ,2026-04-04,01:45-02:00,398.50
ZJ,2026-04-04,02:00-02:15,397.80
ZJ,2026-04-01,09:00-09:15,435.40
ZJ,2026-04-01,09:15-09:30,441.20
ZJ,2026-04-01,09:30-09:45,446.80
ZJ,2026-04-02,09:00-09:15,441.80
ZJ,2026-04-02,09:15-09:30,447.60
ZJ,2026-04-02,09:30-09:45,452.80
ZJ,2026-04-03,09:00-09:15,448.50
ZJ,2026-04-03,09:15-09:30,454.20
ZJ,2026-04-03,09:30-09:45,459.40
ZJ,2026-04-04,09:00-09:15,450.80
ZJ,2026-04-04,09:15-09:30,456.20
ZJ,2026-04-04,09:30-09:45,461.20
ZJ,2026-04-05,09:00-09:15,453.20
ZJ,2026-04-05,09:15-09:30,458.60
ZJ,2026-04-05,09:30-09:45,463.50
ZJ,2026-04-06,09:00-09:15,457.50
ZJ,2026-04-06,09:15-09:30,462.80
ZJ,2026-04-06,09:30-09:45,467.80
ZJ,2026-04-07,09:00-09:15,459.50
ZJ,2026-04-07,09:15-09:30,464.60
ZJ,2026-04-07,09:30-09:45,469.50
ZJ,2026-04-08,09:00-09:15,461.20
ZJ,2026-04-08,09:15-09:30,466.20
ZJ,2026-04-08,09:30-09:45,471.20
